{"cameraMode":{"drawMode":0,"name":"Shaded","section":"Shading Mode"},"sceneLighting":false,"audioPlay":false,"sceneViewState":{"showFog":true,"showMaterialUpdate":false,"showSkybox":false,"showFlares":true,"showImageEffects":true,"showParticleSystems":true},"in2DMode":false,"pivot":{"x":-8.349943161010743,"y":2.499999761581421,"z":-9.5367431640625e-7},"rotation":{"x":0.051214855164289477,"y":0.5454098582267761,"z":0.03341609612107277,"w":-0.8359385132789612},"size":14.226754188537598,"orthographic":false}